,Player,TEAM,AGE,GP,W,L,MIN,DEF RTG,DREB,DREB%,%DREB,STL,STL%,BLK,%BLK,"OPP PTS
OFF TOV","OPP PTS
2ND CHANCE","OPP PTS
FB","OPP PTS
PAINT","DEF
WS"
1,Kawhi Leonard,SAS,25,42,36,6,32.8,93.3,5.6,16.3,22.3,1.9,31.4,0.9,22.2,8.7,6.3,8.1,25.9,0.2
2,Stephen Curry,GSW,28,42,39,3,33.9,97.2,4.6,11.5,17.3,2.1,35.1,0.1,3,11.6,9,9.6,31.2,0.166
3,Tim Duncan,SAS,40,37,31,6,25.9,92.3,5.8,22,29.1,0.9,20.2,1.3,37.7,7.4,4.7,6.2,18.7,0.165
4,Draymond Green,GSW,26,43,40,3,34.6,97.8,7.7,18.9,28.4,1.4,22.5,1.3,28,12,9.4,10.3,32.1,0.163
5,LaMarcus Aldridge,SAS,30,40,34,6,29.5,95.1,6.3,20.9,28.5,0.3,7.1,0.9,23.1,8.1,5.6,7.1,23.4,0.161
6,Tony Parker,SAS,34,40,34,6,27.1,94.2,2.3,8.4,11.3,0.9,19,0.2,4.6,7.2,4.9,7,20.6,0.156
7,LeBron James,CLE,31,41,30,11,35.8,99.6,6,16.7,23.5,1.4,27.3,0.7,23.5,11.6,7.8,7.5,28.5,0.146
8,Marcus Smart,BOS,22,23,11,12,26.8,96.5,3,10.6,16.4,1.6,28.6,0.3,13.8,7.5,7.7,4.7,21.4,0.139
9,Patty Mills,SAS,27,44,38,6,20.3,91.6,1.5,7.4,10.4,0.9,24.1,0.1,3.3,6.1,4.3,3.9,18.3,0.138
9,Paul George,IND,26,44,23,21,35.4,100.3,6.3,16.8,26,2,27.8,0.3,9.2,13.1,10.4,9.7,31,0.138
11,Kevin Durant,OKC,27,38,30,8,35.5,100.5,7.2,18.1,27.1,1,16.6,1.2,22.8,11.7,11,8.8,32.1,0.137
12,Matthew Dellavedova,CLE,25,41,30,11,27.1,96.8,1.9,6.7,9.7,0.7,18.6,0.1,6,8.1,5.9,4.9,20.6,0.136
13,Manu Ginobili,SAS,38,38,33,5,19.8,92,2.4,11.5,16.4,1.1,30.4,0.2,9.5,6.2,4.4,4.1,17.5,0.135
14,Chris Bosh,MIA,32,44,23,21,33.6,100.2,6.7,19.2,28.4,0.8,16.4,0.7,17.3,10.2,9.6,6.3,26.6,0.133
15,Russell Westbrook,OKC,27,45,33,12,33.8,100.4,5.4,14.6,22.2,2.5,42.7,0.3,5.1,11.1,10.4,7.9,30.4,0.132
16,Klay Thompson,GSW,26,42,38,4,32.9,100.1,3.4,8.8,13.2,0.5,8.8,0.8,16.8,11.9,9.3,9.8,31.3,0.131
17,Boris Diaw,SAS,34,44,38,6,19.1,91.6,2.5,12.3,17.1,0.4,11.4,0.3,12.2,5.4,4.2,3.6,17.1,0.13
17,Danny Green,SAS,29,44,38,6,25.1,96,3.1,12.2,16.6,0.7,17.1,0.8,21.6,6.9,5,5.7,20,0.13
19,Tristan Thompson,CLE,25,42,30,12,27.2,97.9,6.1,22.3,30.7,0.3,9.2,0.4,19.8,8.9,5.2,4.9,22,0.128
20,Evan Turner,BOS,27,44,23,21,26.8,97.7,3.9,13.8,20.9,0.9,17.1,0.3,12.5,8.8,6.7,5.4,23.6,0.127
20,Iman Shumpert,CLE,26,20,15,5,24.3,96.2,2.3,9.1,13.6,1.1,25.9,0.4,19,8.2,5.5,4.6,18.1,0.127
22,George Hill,IND,30,37,20,17,35,101.1,3.2,8.9,13.6,1.4,20.9,0.2,8,12.7,10,8.2,30.5,0.126
22,Marcus Morris Sr.,DET,26,43,22,21,36.4,101.6,4,11.2,16,0.9,14.2,0.3,11.3,10.7,8.3,7.9,34.1,0.126
22,Monta Ellis,IND,30,44,23,21,33.3,100.7,2.3,6.7,10.3,1.7,23.7,0.5,17.9,12.2,9.7,9.3,29.2,0.126
25,Kentavious Caldwell-Pope,DET,23,44,23,21,37.4,102.1,2.9,7.6,10.9,1.6,26.2,0.3,9.2,11.2,8.7,7.9,34.9,0.125
26,Al Horford,ATL,30,45,26,19,31.5,100.3,5,15.3,23.6,0.8,14.1,1.5,38.4,9.6,8.6,7.2,27.1,0.124
26,Andre Iguodala,GSW,32,44,40,4,27.6,98.5,3.4,10.9,17,1.3,24.5,0.4,9.5,10.3,8,8.2,26.1,0.124
28,Steven Adams,OKC,22,44,32,12,24.3,96.6,3.8,14.3,21.7,0.4,8.3,1.2,30.8,7.8,6.9,5.5,20.8,0.123
29,Andre Drummond,DET,22,44,23,21,33.8,101.2,10,30.2,43.2,1.7,30.8,1.5,54.2,9.6,7.1,7.3,31.4,0.122
30,Serge Ibaka,OKC,26,45,33,12,32.6,100.9,4.9,13.6,20.8,0.4,7.3,2.2,43.5,10.2,10.2,7.4,28.8,0.121
31,Goran Dragic,MIA,30,37,22,15,32.5,101,2.6,7.8,11.5,1,23.1,0.2,5,10.1,9.3,6.4,27.9,0.12
31,Kyle Lowry,TOR,30,43,28,15,36.5,102.2,4.3,12,17.4,2.3,33.3,0.6,13.6,11,8.5,7.9,29.8,0.12
33,Jae Crowder,BOS,25,44,23,21,32.5,101.1,4.1,11.9,18.5,1.8,27.4,0.5,17.1,9.9,10.5,6.5,28.9,0.119
33,Justise Winslow,MIA,20,41,22,19,27,98.8,3.8,14,20.4,0.7,16.9,0.4,10.5,8.5,6.4,4.8,21.7,0.119
35,DeMarcus Cousins,SAC,25,35,19,16,33.7,101.7,8.9,24.7,34.7,1.3,21.8,1.3,40.9,12.4,7.9,9.4,27.7,0.118
35,Kevin Love,CLE,27,42,30,12,32.4,100.9,8.5,26.8,37.4,0.9,20.9,0.5,22.4,10.6,6.9,7.1,26.6,0.118
37,Avery Bradley,BOS,25,39,21,18,32.6,101.4,1.9,5.7,8.8,1.6,24.4,0.3,8.8,10.9,10.2,6.9,29,0.116
37,C.J. Watson,ORL,32,8,3,5,19.6,94.8,1.5,6.7,9.9,1,34.8,0,0,6.3,4.3,2.8,15.5,0.116
37,Deron Williams,DAL,32,37,20,17,32.5,101.3,2.9,8.5,12.2,1,21,0.3,11.2,10.9,8.3,10,26.2,0.116
40,Cory Joseph,TOR,24,43,28,15,25.8,98.7,2,7.6,11.3,0.8,19.6,0.3,9.8,7.4,5.7,5.6,20.5,0.114
40,Isaiah Thomas,BOS,27,44,23,21,32.7,101.6,2.5,7.1,11,1.2,18.8,0.1,2.3,10.1,10.1,6.5,29.4,0.114
40,Pau Gasol,CHI,35,41,24,17,31.5,101.2,8.4,23.1,35,0.6,14.6,2.1,48.6,10.5,9.8,8.4,28.9,0.114
43,Dirk Nowitzki,DAL,38,41,22,19,30.8,101,6,19,27.7,0.6,15.3,0.6,28.3,9.5,8.4,10,23.8,0.113
44,Jimmy Butler III,CHI,26,43,25,18,38.2,103.3,4.1,9.6,14.6,1.7,34.3,0.7,14.6,12.6,11.6,10.6,34.7,0.112
45,Harrison Barnes,GSW,24,28,26,2,29.1,100.6,3.6,11.8,18,0.9,16.4,0.2,5,9.2,7.9,8.1,28.4,0.111
46,Dennis Schröder,ATL,22,43,25,18,21.5,96.4,2.3,10.7,17,1.1,24,0.1,4.5,6.9,5.9,5.2,17.1,0.11
47,Kelly Olynyk,BOS,25,43,22,21,20.9,96.3,3.3,14.5,22.5,0.9,22.4,0.7,37.7,5.8,6.2,4.4,18.1,0.109
47,Lavoy Allen,IND,27,43,22,21,21.6,96.3,3.3,14.5,21.8,0.4,10.8,0.5,28.8,7.8,6.2,5.6,17.3,0.109
47,Omri Casspi,SAC,28,38,18,20,30,101.2,5.6,17,25,0.8,15.7,0.3,11,12.2,8.7,9.2,25.4,0.109
50,Jeremy Lin,CHA,27,42,21,21,27.1,100.1,2.6,9,12.9,0.7,21.3,0.6,19.6,8,6.1,6.8,20.1,0.108
50,Kyle Korver,ATL,35,43,24,19,30.5,101.3,3.4,10.9,16.6,0.8,14.2,0.5,12.2,9.7,7.9,7.7,26.7,0.108
50,Tony Snell,CHI,24,41,25,16,21.9,97.1,3.2,11.9,18.3,0.3,11.9,0.3,9.8,6.4,7,5.2,19.9,0.108
53,David West,SAS,35,43,37,6,16.7,92.5,3.2,19,26.3,0.6,16.6,0.6,37.7,4.4,3.7,3.6,13.4,0.107
54,Rudy Gobert,UTA,24,23,12,11,32.7,102.3,7,22.4,34.6,0.8,13.8,2.7,69.3,9.2,9.1,6.9,24.5,0.106
54,Terrence Ross,TOR,25,37,26,11,22.9,98,1.9,8.3,12.2,0.8,21.7,0.4,13.7,7.1,4.9,4.2,18.2,0.106
56,Jordan Hill,IND,28,40,22,18,21.7,97,4.6,19.6,29.4,0.6,17.4,0.4,17.9,7.6,6.5,6.2,18.9,0.105
57,Chandler Parsons,DAL,27,37,20,17,26.7,100.5,3.5,12.9,18.6,0.5,13.5,0.4,18.1,8.6,6.4,9.4,22.1,0.103
57,Thabo Sefolosha,ATL,32,39,21,18,24.3,99.4,3.9,15.2,23.9,1.4,24.5,0.5,19.4,9,6.7,5.8,20.7,0.103
59,Ricky Rubio,MIN,25,39,13,26,30.2,101.9,3.7,12,18.1,2.2,40.8,0.1,2.4,9.2,8.2,6.6,26.4,0.102
60,Blake Griffin,LAC,27,30,17,13,34.9,103.5,7,19.1,28.9,0.7,14.6,0.6,15.6,10.6,8.8,7.8,30.3,0.101
60,Ian Mahinmi,IND,29,39,22,17,23.9,99.3,5.1,20.9,30.8,0.9,17.6,1,47.6,8.5,6,5.5,19.8,0.101
60,Tobias Harris,DET,23,42,20,22,33.1,102.8,5.7,17.5,24.9,1,18,0.6,21.3,11.1,7.6,8.9,27.1,0.101
63,Andre Roberson,OKC,24,44,33,11,21.9,98.2,2.3,9.3,14,0.9,23.8,0.7,18.1,6.8,6.3,5.2,19.7,0.1
63,Chris Paul,LAC,31,38,26,12,32.3,102.8,3.3,9.5,14.3,2.1,41.8,0.2,4.5,8.9,7.7,6.8,27.1,0.1
63,Jared Sullinger,BOS,24,43,22,21,24.1,99.4,6.2,24.9,38,0.9,18,0.7,31.5,8.1,7.5,4.9,20.9,0.1
63,Jeremy Lamb,CHA,24,38,19,19,21.6,98,3.7,16,23.3,0.6,20.7,0.4,16.3,6.8,4.9,4.9,15.6,0.1
67,Reggie Jackson,DET,26,44,23,21,30.9,102.6,2.9,9.6,13.8,0.8,16.8,0.1,2.8,9.1,7,6.8,29.4,0.099
67,Wesley Matthews,DAL,29,41,23,18,33,103.1,2.8,8.3,12,1.1,22.7,0.3,12.6,9.1,9.1,10.1,27.3,0.099
69,Tim Hardaway Jr.,ATL,24,14,7,7,14,90.5,1.1,6.7,9.8,0.4,15,0.1,10.5,4.2,3.2,2.2,8.9,0.098
69,Tyler Johnson,MIA,24,34,17,17,24,99.9,2.2,9,13.3,0.7,24.5,0.4,13.4,7.9,6.3,4.7,20.7,0.098
71,Andrew Bogut,GSW,31,37,33,4,20.9,97.7,5.4,22.4,33,0.3,11.3,1.7,56.3,7,5.8,5.4,17.7,0.097
71,Garrett Temple,WAS,30,39,19,20,24.5,100.1,2.1,8.8,12.9,0.9,20.4,0.3,14.1,6.9,5.5,4.7,19.4,0.097
71,Kemba Walker,CHA,26,44,21,23,35.9,104,3.4,9.4,13.5,1.7,32.5,0.6,15.8,10.1,8.6,8.2,28.5,0.097
71,Rodney Stuckey,IND,30,33,19,14,25,100.2,3,11.5,17,0.8,17.9,0.2,8.5,8.8,7.2,5.8,22.1,0.097
71,Victor Oladipo,ORL,24,38,19,19,30.3,102.6,4.3,13.5,20.3,1.3,27.8,0.6,19.8,10.4,8.1,7.7,24.8,0.097
76,JJ Redick,LAC,32,39,26,13,27.7,101.6,1.6,5.3,8,0.5,11.9,0.1,1.7,7.2,6.3,5.6,23.4,0.096
76,John Wall,WAS,25,41,20,21,35.7,104.1,3.6,10.4,15.6,2.1,32.2,0.7,25.2,11.4,8.8,8.9,29.9,0.096
78,Nicolas Batum,CHA,27,37,18,19,34.8,104,5.3,15,21.4,0.9,17.6,0.5,13.2,10.5,8.5,8.6,29,0.095
79,DeAndre Jordan,LAC,27,41,27,14,33.2,103.6,9.7,27.6,41.3,0.5,10,2.3,62,9.3,8.6,7.5,27.7,0.094
79,DeMar DeRozan,TOR,26,43,28,15,36.6,104.5,3.7,10.4,15,1,16.3,0.3,8.8,11.3,8.3,8.7,30.4,0.094
79,Trevor Booker,UTA,28,41,18,23,23.2,100.1,4,18.2,27.3,0.9,22.2,0.5,21.5,8,5.4,5.4,18.8,0.094
82,JR Smith,CLE,30,38,26,12,30,102.8,2.2,7.7,10.7,1,25.3,0.4,16.5,9.6,6.5,6.6,24.6,0.093
83,Mike Scott,ATL,27,39,24,15,14.3,92.6,1.7,11.1,16.8,0.3,10.6,0.3,20,5,3.1,3.4,11.3,0.092
83,Patrick Patterson,TOR,27,43,28,15,23.9,100.2,3.4,14.1,20.9,0.7,18.8,0.3,12.8,6.6,5.4,5.2,19.3,0.092
83,Tiago Splitter,ATL,31,32,20,12,16,94.5,2,11.9,18,0.5,14.7,0.4,20.7,5.5,3.9,4.3,12.2,0.092
83,Zaza Pachulia,DAL,32,43,24,19,29.2,102.6,7,24,34.1,1,24.4,0.4,20,8.9,7.4,9.4,24.1,0.092
87,Marc Gasol,MEM,31,45,25,20,35,104.4,6,18.1,26.9,0.9,13.7,1.3,43.4,10.9,8.1,10.8,27,0.091
87,Rondae Hollis-Jefferson,BKN,21,19,5,14,22,100.1,4.4,18.8,26.7,1.4,32.5,0.4,18.6,8.4,5.4,7.4,19.2,0.091
87,Spencer Hawes,CHA,28,38,18,20,17.8,96.6,3.4,17.9,25.4,0.4,15.6,0.3,16.4,5.8,3.8,4.6,12.4,0.091
90,CJ McCollum,POR,24,44,20,24,35.3,104.6,3,8.4,12.1,1.2,23.2,0.2,6.4,11.8,8.8,7.3,27.7,0.09
90,Chuck Hayes,LAC,33,2,1,1,11.9,90.6,4,25,40,0,0,0,0,6.5,5,4.5,15,0.09
90,Gerald Green,MIA,30,38,19,19,26.4,101.8,2.1,7.8,11.5,0.6,17.4,0.4,12,7.6,7.4,4.3,22.2,0.09
90,Luol Deng,MIA,31,37,20,17,31.2,103.6,3.8,12.4,17.9,0.9,21.1,0.3,6.8,9.9,7.8,6.7,27.4,0.09
94,Alec Burks,UTA,24,28,12,16,27.1,102.7,3,11.6,17.5,0.6,12.6,0.1,4.9,8,6.2,7.4,20.9,0.089
94,Anthony Tolliver,DET,31,43,22,21,19.2,97.7,2.8,14.3,19.8,0.4,14.5,0.3,18.5,5.1,4,3.6,16.6,0.089
94,Bradley Beal,WAS,23,21,10,11,34,104.6,3.4,10.1,15.3,1,16.4,0.3,11.8,12.6,8,9.2,28.7,0.089
94,Joakim Noah,CHI,31,29,15,14,21.9,99.9,5.8,23.5,33.9,0.6,23.1,1,38.7,7.3,6.3,5.4,18,0.089
98,Anthony Brown,LAL,23,21,3,18,18.1,97.2,1.9,9.8,15.2,0.4,14.8,0.2,10.5,5,5,4.3,16.9,0.088
98,Elfrid Payton,ORL,22,38,19,19,29.5,103.3,2.7,9.2,13,1.4,25.9,0.2,6.7,9.7,6.6,7.9,24.8,0.088
98,Jared Dudley,WAS,30,40,19,21,28.9,102.9,3,10.9,16.4,1,17.5,0.1,6.3,8.9,7,6.4,23.6,0.088
98,Kirk Hinrich,ATL,35,28,17,11,15.7,95,1.3,7.7,11.6,0.4,17.9,0,2,5.2,4.3,3.9,13.6,0.088
98,Taj Gibson,CHI,31,43,25,18,25.4,101.5,4.2,14,21.4,0.5,16.7,1,30.3,8.6,8.3,7,21.5,0.088
103,CJ Miles,IND,29,39,20,19,26.5,102.6,2.7,9.8,15.3,1.1,19.3,0.5,19.2,9.4,7.8,7.2,24.6,0.087
103,Derrick Rose,CHI,27,37,20,17,32.6,104.2,2.7,7.1,10.8,0.6,15.4,0.3,6.9,10.5,10.5,8.5,31.4,0.087
103,Keith Appling,ORL,24,2,0,2,7.5,78.1,0.5,0,8.3,0.5,50,0,0,3.5,0.5,1,3,0.087
103,Kyrie Irving,CLE,24,16,12,4,27,102.3,1.8,7.1,9.9,0.8,21.7,0.3,12.1,7.4,5.8,6.5,23.1,0.087
107,Eric Bledsoe,PHX,26,31,12,19,34.2,104.8,3.5,10,14.6,2,31.8,0.6,20.9,12.8,9.2,11,31,0.086
107,Festus Ezeli,GSW,26,39,36,3,18,97.6,3.8,18.8,28,0.4,13.4,1.3,52.1,6.5,4.2,5.5,17.2,0.086
109,Kent Bazemore,ATL,26,40,24,16,28.2,103.2,4.2,14.4,22.5,1.3,23.4,0.5,12.7,9.2,8.4,6.9,24.6,0.085
109,Robert Covington,PHI,25,35,6,29,26.2,102.5,4.7,18.7,26.8,1.6,33.3,0.6,19.1,10.5,6.2,7.8,22.1,0.085
111,Evan Fournier,ORL,23,42,20,22,31.9,104.3,2.5,7.9,11.5,1.4,23.2,0,1.6,10.5,7,8.8,26.2,0.084
111,Jamal Crawford,LAC,36,43,28,15,25.6,102.3,1.5,5.7,9.2,0.5,11.1,0.1,4,8.4,8.1,6.9,22,0.084
111,Marcin Gortat,WAS,32,35,15,20,31.8,104.3,7,22.1,32.8,0.7,12.5,1.3,46.9,10.5,8.2,8.2,25.5,0.084
111,Marvin Williams,CHA,30,44,21,23,29.4,103.6,5.2,17.4,24.9,0.6,13.5,1,30.1,8.5,6.8,7.1,22.6,0.084
115,Amir Johnson,BOS,29,41,20,21,23.9,101.5,4.1,16.4,25.7,0.7,14.3,1.2,48.5,7.9,7.2,4.8,21,0.083
115,Courtney Lee,CHA,30,43,23,20,29.4,103.5,2.2,7.9,11.7,1.1,19.8,0.3,10.6,9,6.9,9.6,24,0.083
115,Hassan Whiteside,MIA,27,41,22,19,28.9,103.5,8.1,27.4,40.5,0.6,16.1,3.9,76.3,9,8.1,5.9,25,0.083
115,Jonas Valančiūnas,TOR,24,26,17,9,26.9,102.8,6,23.4,32.7,0.4,8.9,1.3,47.1,7.4,6,6.8,23.6,0.083
115,Josh McRoberts,MIA,29,20,12,8,15.5,95.9,2.2,13.2,19,0.5,25.6,0.2,8.3,4.8,4.2,2.6,11.9,0.083
115,Paul Millsap,ATL,31,44,26,18,32.8,104.6,6.3,18.5,29,1.9,29.6,1.4,31.9,10.9,10,8.6,29.1,0.083
121,Austin Rivers,LAC,23,40,26,14,22,101.2,1.5,6.4,10.2,0.6,17.5,0.2,6.5,8.2,6.9,6.4,19.1,0.082
121,Bismack Biyombo,TOR,23,43,28,15,22.8,101.3,6,25.2,36.6,0.2,5.2,1.6,54,7.5,4.8,5.3,18,0.082
121,Gordon Hayward,UTA,26,43,19,24,35.6,105.4,4.2,12.4,18.3,1.2,20.5,0.3,7.7,10.8,9.2,9,29.2,0.082
121,Jonathon Simmons,SAS,26,30,27,3,13.4,93.6,1.4,10,14,0.4,18.2,0.1,4.9,4.3,3.4,3.7,11.5,0.082
121,Mario Chalmers,MIA,30,42,25,17,22.3,101.3,2.2,10,14.9,1.4,32.4,0.2,8.4,7.3,5.6,6.2,17.2,0.082
126,Brandon Jennings,ORL,26,13,6,7,17.5,98.3,1.8,9.9,13,0.4,22.7,0,0,6.5,3.9,3.2,15.1,0.081
126,DeMarre Carroll,TOR,29,23,14,9,31.9,104.8,3.6,11.6,16.5,1.7,28.6,0.2,8.2,10.5,6.6,9,25.9,0.081
126,Frank Kaminsky,CHA,23,43,20,23,21.3,100.6,3.2,14.6,20.9,0.4,14.8,0.6,26.6,6.7,4.9,5.4,16,0.081
126,Nerlens Noel,PHI,22,38,6,32,29.3,103.9,6.1,20.5,30.9,1.6,30.6,1.6,40.1,13.8,8.2,9.9,26.3,0.081
130,Anthony Davis,NOP,23,38,16,22,35.7,105.5,8.2,22.7,32.5,1.3,22.9,2.5,60.3,11,9,8.8,30.3,0.08
130,Jodie Meeks,DET,28,2,2,0,8.5,82.4,0.5,0,7.1,0,0,0,0,3.5,0,3.5,7,0.08
130,Kristaps Porziņģis,NYK,20,46,22,24,28.2,103.7,5.8,19.2,28.5,0.8,23,2,53.9,9.2,8.3,6.3,24.9,0.08
133,Dwight Howard,HOU,30,37,19,18,32.5,104.9,8.5,26.5,39.7,1,15.1,1.6,50,13.7,9.3,8.2,29.7,0.079
134,Dion Waiters,OKC,24,45,33,12,26.9,103.6,2.4,8.6,12.9,0.9,21.2,0.2,5,10.3,8.1,6.4,24.3,0.078
134,Mike Conley,MEM,28,39,21,18,31.5,104.7,2.4,8.2,12.2,1.3,21.8,0.3,11.1,9.3,7.3,9.7,24.6,0.078
134,Wesley Johnson,LAC,28,43,28,15,17.9,99.1,2,11.1,17.3,0.9,24.2,0.6,26.7,5.3,5.1,4.7,16,0.078
137,Andrew Nicholson,ORL,26,32,16,16,16.3,97.8,3.2,18.4,27,0.2,8.3,0.3,17.5,5,4.4,3.6,12.4,0.077
137,Brook Lopez,BKN,28,44,11,33,33.4,105.4,5.4,16.2,23,0.7,14.1,1.9,67.2,12.3,7.9,10.1,30,0.077
137,Nikola Mirotic,CHI,25,43,25,18,24.1,102.6,4.9,18.6,28.2,0.9,26.4,0.7,22.4,7.4,6.9,6.2,23.8,0.077
137,Otto Porter Jr.,WAS,23,34,15,19,32,105.1,4.2,13.8,20.3,1.6,26.1,0.4,15.6,11.3,7.4,8.2,26.6,0.077
141,Darrell Arthur,DEN,28,41,14,27,21.1,101.3,2.9,12.9,19.9,0.9,24.8,0.7,35.7,7.5,5.7,5.6,15.7,0.076
141,Dwight Powell,DAL,24,43,23,20,17.3,99.2,3.6,19.9,29.6,0.6,21.7,0.5,38.2,6.3,4.6,5.5,15.4,0.076
141,Mo Williams,CLE,33,27,17,10,22.8,102.3,2.2,9.5,13.4,0.4,14.7,0.2,10,9,4.9,6,19.9,0.076
141,Trey Burke,UTA,23,43,19,24,24.6,103,1.7,7.3,11.1,0.7,16.5,0.1,4.6,7.6,6.3,5.5,19.7,0.076
145,Aaron Gordon,ORL,20,41,19,22,19.6,100.7,3.3,16.9,25.1,0.6,16.9,0.7,26,6.5,4.2,4.8,15.8,0.075
145,Doug McDermott,CHI,24,42,24,18,21.5,101.7,1.9,7.8,11.5,0.2,6.2,0.1,3.9,7.3,6.5,5.2,18.5,0.075
145,Dwyane Wade,MIA,34,41,21,20,30.1,104.9,2.8,9.1,13.4,0.9,25.5,0.4,9.5,10.3,8.1,6.7,26.8,0.075
145,Raymond Felton,DAL,32,44,24,20,26.5,103.7,2.8,10.2,14.9,0.8,20.8,0.2,7.9,8.8,7.7,8.7,22,0.075
145,Rodney Hood,UTA,23,41,18,23,30.5,104.8,2.8,10.1,15.1,0.9,18.2,0.2,7.9,9,7,7.5,25.1,0.075
145,Salah Mejri,DAL,30,7,2,5,7.5,83.8,1.7,0,23.5,0.1,12.5,0.7,83.3,3.1,1.1,4,3.7,0.075
151,Jason Smith,ORL,30,37,18,19,14.9,97.1,1.9,12.4,18.4,0.4,16.3,0.7,41,5,3.5,3.5,11.7,0.074
151,Kyle Anderson,SAS,22,41,36,5,12.2,93,1.9,15.3,22.4,0.4,20.8,0.4,22.9,3.3,2.9,2.6,10.2,0.074
151,Nene,WAS,33,20,10,10,17.6,99.5,3.7,22,32.3,1.1,26.2,0.4,34.8,5.5,4.2,3.4,15.4,0.074
151,Richard Jefferson,CLE,36,39,29,10,19.5,100.9,1.3,6.4,9.4,0.5,20,0.3,19.4,7,4.2,3.9,16.2,0.074
151,Willie Cauley-Stein,SAC,22,29,14,15,19.1,100.3,3.6,17.9,26.3,0.7,19,1.1,55.9,6.7,5.1,5.3,15.2,0.074
156,Eric Gordon,NOP,27,41,14,27,33.4,105.8,1.9,5.6,8.1,1,18.4,0.3,8.1,10.8,8.6,8.7,28.5,0.073
156,Stanley Johnson,DET,20,44,23,21,22.2,102.4,3.2,14.1,19.8,0.7,22.8,0.2,8.8,7,4.5,4.9,19.6,0.073
156,Tyreke Evans,NOP,26,24,11,13,31.2,105.1,4.5,14.3,20.5,1.3,27.6,0.3,9.8,9.3,7.6,5.8,25.7,0.073
159,Andrew Wiggins,MIN,21,44,14,30,34.9,106.2,2.3,6.7,9.9,0.8,14.3,0.5,15.8,12,8.9,9,32.4,0.072
159,Corey Brewer,HOU,30,45,23,22,20.1,101.8,2,9.5,14.9,1.1,26.3,0.1,5.5,8.4,6.4,6,18.9,0.072
161,Clint Capela,HOU,22,44,23,21,21.6,102.3,4.4,20.5,30.4,1,21.2,1.2,52.4,8.3,5.8,5.8,19.5,0.071
161,David Lee,DAL,33,30,15,15,15.7,98.8,3,18.5,28.1,0.4,12.9,0.4,36.1,5.1,3.8,3.4,13.7,0.071
161,E'Twaun Moore,CHI,27,32,17,15,15.2,97.8,1.4,8.1,12.3,0.5,26.7,0.1,6.9,5.3,4.5,3.9,13.4,0.071
161,Ersan Ilyasova,ORL,29,44,23,21,27.9,104.7,3.5,13.2,19,0.8,16.8,0.6,28.3,9.2,6.3,6.8,27.2,0.071
161,Langston Galloway,NYK,24,46,22,24,24,103.5,2.9,11.6,18.2,0.8,23.2,0.2,9.3,8.2,6.8,5.2,20.8,0.071
161,Metta World Peace,LAL,36,19,3,16,17.5,99.4,2,10.6,16,0.6,27.3,0.5,25,5.5,4.5,4.5,13.9,0.071
161,O.J. Mayo,MIL,28,29,11,18,27.1,104.5,2.3,8.3,12.5,1.2,27.4,0.1,3.8,9.4,8.1,7.3,23.5,0.071
161,Phil Pressey,POR,25,14,1,13,12.1,95.4,1.6,12.2,19,0.8,25.6,0.1,4.2,5.4,3.3,4.9,10.7,0.071
169,Carmelo Anthony,NYK,32,42,22,20,34.6,106.3,6,16.3,24.9,0.9,21.4,0.5,12.2,12.1,10.3,8.6,30.6,0.07
169,Channing Frye,CLE,33,37,18,19,18,100.3,2.7,16.1,22.7,0.5,15.2,0.5,30.4,5.4,3.5,4.8,13.9,0.07
169,Jeff Green,LAC,29,45,25,20,28.6,104.6,3.4,12.5,18.9,0.7,14,0.3,13.3,8.7,6.6,7.7,22.3,0.07
169,Jeff Withey,UTA,26,35,16,19,15.5,98.3,2.8,18.7,27.5,0.5,20,1.3,68.7,4.1,3.5,2.9,11.8,0.07
169,Jonas Jerebko,BOS,29,43,23,20,13.5,96.4,2.1,14.8,23,0.2,9.4,0.2,13.2,4.7,3.6,3.2,12,0.07
169,Kevin Garnett,MIN,40,38,14,24,14.6,97.4,3.6,23.5,33.5,0.7,28.3,0.3,16.9,3.5,3.7,2.5,12.3,0.07
169,Luis Scola,TOR,36,43,28,15,23.5,103.2,4.2,18.8,26.7,0.6,14.5,0.4,18.4,7.5,5.6,5.8,19.7,0.07
169,Matt Barnes,MEM,36,42,24,18,26.7,104.5,4,15.4,22.6,1.2,25.3,0.7,25.2,8.9,6,8.5,19.9,0.07
169,Patrick Beverley,HOU,27,34,17,17,25.6,103.9,2,7.9,11.7,1.1,20.9,0.3,9.5,9.3,7.1,6.1,22.4,0.07
169,Ramon Sessions,WAS,30,41,20,21,21.3,102.4,2.2,11,16.6,0.7,18,0.1,4.3,6,5,4.9,18.4,0.07
169,Ronnie Price,PHX,33,34,11,23,14.8,97.9,0.8,5.6,8.3,1.1,34.3,0.1,11.6,5.3,3.3,3.8,12,0.07
180,Al Jefferson,CHA,31,19,12,7,25.2,103.9,4.9,19.6,27.6,0.7,16.7,1.1,31.7,6.4,6,4.9,21.9,0.069
180,Jarell Martin,MEM,22,2,1,1,4.6,71.4,0,0,0,0,0,0,0,2,3.5,0,2,0.069
180,Jerami Grant,PHI,22,42,5,37,25.6,104.3,3.3,12.1,18.2,0.7,17.4,1.6,40.5,12,7.6,9,22.6,0.069
180,Will Barton,DEN,25,44,17,27,29,105.2,5.1,17.7,26.5,0.9,21.8,0.4,15.8,9.7,7.4,7.2,24.5,0.069
184,Devin Harris,DAL,33,39,22,17,19.8,102.3,1.7,8.4,12.8,1,30.4,0.2,13.6,6,5.6,6.6,16.8,0.068
184,Josh Smith,HOU,30,33,20,13,14.6,98,2.8,18.5,29.8,0.6,23.3,1.1,59.7,5.9,4.3,4,12.4,0.068
184,Rajon Rondo,SAC,30,41,19,22,35,106.6,5.3,14.3,20.8,1.8,29.9,0.2,6.5,14.6,9,10.7,29.9,0.068
184,Tony Allen,MEM,34,38,22,16,24.1,103.6,2.8,12.6,19.1,1.7,34.2,0.3,14.5,7.6,6,7.1,19.4,0.068
188,Pablo Prigioni,LAC,39,23,15,8,14.1,97.9,1.1,8.4,12.7,1.1,36.6,0,0,4.3,4.7,5.3,13.8,0.067
189,Cody Zeller,CHA,23,40,18,22,24.8,104.3,4.1,16.7,23.8,0.9,23.5,0.7,25.9,7.8,5.6,6.2,18.7,0.066
189,Jeff Teague,ATL,28,42,25,17,28.4,105.3,2.1,7.2,11.1,1.2,22.7,0.3,9.5,9.5,8.5,7.3,26,0.066
189,Jerian Grant,NYK,23,43,20,23,15.8,99.9,1.5,9.2,14.4,0.5,20.2,0.1,7.4,5.7,3.8,3.1,14,0.066
189,Jordan Adams,MEM,21,2,0,2,7.3,88.2,1,0,22.2,1.5,42.9,0,0,2.5,1,2.5,6,0.066
189,Tayshaun Prince,MIN,36,45,14,31,20.9,102.5,1.6,7.4,10.9,0.5,14.1,0.2,9.2,6.5,5.6,4.3,18.4,0.066
194,Al-Farouq Aminu,POR,25,46,20,26,29.1,105.6,5.3,17.8,25.8,0.8,19.7,0.7,27.4,10.5,7.5,5.7,25.7,0.065
194,Isaiah Canaan,PHI,25,43,6,37,25.1,104.4,1.9,7.7,11.6,0.7,17,0.2,6.4,10.5,7.7,8.2,22.3,0.065
196,Chase Budinger,PHX,28,39,20,19,16,100,1.9,12.1,17.7,0.5,17.8,0.2,12.3,5.9,4.8,3.8,14.9,0.064
196,Derrick Favors,UTA,24,26,11,15,32.6,106.5,5.4,18.3,26.4,1.5,26.6,1.2,43.5,9.7,7,9.4,26.7,0.064
196,Karl-Anthony Towns,MIN,20,45,14,31,29.3,105.7,7.1,24.4,35.9,0.7,13.8,1.8,62,9.8,7.7,7.6,27.1,0.064
196,RJ Hunter,BOS,22,22,13,9,11,94.6,1.2,11.2,16.6,0.5,25,0.2,19,4.3,2.6,3.5,10.3,0.064
196,Ryan Anderson,NOP,28,41,15,26,31.3,106.2,4.1,13,19,0.6,13,0.4,12.6,9.8,8.4,7.4,28.6,0.064
201,Aaron Brooks,CHI,31,33,20,13,15.8,99.9,1.5,8.3,12,0.2,13.8,0.2,8.3,5.5,4.4,4.4,13.3,0.063
201,Jahlil Okafor,PHI,20,40,5,35,30.8,106.1,5.1,16.5,24.4,0.5,10.7,1.1,27.3,13.7,8.4,11.4,28,0.063
201,Joe Johnson,MIA,35,44,11,33,34.2,107.1,3.3,9.8,13.9,0.7,13,0,0.9,11.8,8.2,9.9,31.7,0.063
201,Khris Middleton,MIL,24,46,19,27,36,107.1,3.2,8.9,13.9,1.1,18.3,0.2,4.9,12.2,11.1,9.8,31.6,0.063
201,Nikola Vučević,ORL,25,39,18,21,31.1,106.2,5.7,19.3,27.5,0.8,15.8,1.1,38.3,10,6.9,8.2,25.7,0.063
206,Anderson Varejao,GSW,33,26,18,8,9.1,90.3,2,21.3,30.8,0.3,20,0.1,17.6,3,2.3,2.4,6.4,0.062
206,Brandon Knight,PHX,24,42,13,29,36.3,107.2,3.1,8.7,12.5,1.3,20.8,0.3,10.6,15,9.3,12.3,33,0.062
206,Hollis Thompson,PHI,25,42,6,36,26.7,105.4,2.8,10.3,16,0.4,8.7,0.3,9.2,13.4,8.6,9.2,24.1,0.062
206,Jrue Holiday,NOP,26,37,16,21,25,104.8,2.4,9.5,13.9,1.1,25.6,0.4,12.7,7.6,6.5,5.1,20.3,0.062
206,Lance Thomas,NYK,28,43,21,22,21.3,103.7,1.5,6.5,10.4,0.4,14.2,0.1,4.9,8.1,6.3,5.6,20.2,0.062
206,Nikola Jokić,DEN,21,42,15,27,19,102.2,3.3,18,25.2,0.9,28.7,0.5,32.4,6.1,3.9,4.5,14.9,0.062
206,Steve Blake,DET,36,29,17,12,15.5,100.1,1.3,8.6,12.5,0.5,18.7,0.1,9.1,4.4,3.6,3.3,13.9,0.062
213,JaMychal Green,MEM,26,45,25,20,14.8,100.1,2.8,19.4,28.7,0.3,10.3,0.3,19.7,5.6,3.1,4.6,10.9,0.061
213,Jabari Parker,MIL,21,40,18,22,27.8,105.8,3,10.8,16.6,0.8,16.4,0.4,12.9,10.1,9.1,7.9,25.1,0.061
213,Jerryd Bayless,MIL,27,28,11,17,28.5,105.8,2.3,7.7,12.1,1,24.6,0.2,5.4,12.1,8.3,8.4,24.6,0.061
213,Vince Carter,MEM,39,27,16,11,13.1,98.5,1.4,10,15.3,0.4,19.7,0.3,23.7,4.9,3.6,4,8.5,0.061
213,Zach Randolph,MEM,34,40,22,18,28.6,105.8,5.1,19.4,29.1,0.6,12.3,0.2,9.4,9.7,7.6,8.6,23.8,0.061
218,Greg Monroe,MIL,26,44,19,25,30.3,106.4,6.8,23,34.9,1,19.7,0.9,31.5,10.4,8.8,8.4,26.9,0.06
218,Rasual Butler,SAS,37,28,26,2,9.2,91.7,1.2,12.4,16.8,0.3,18.9,0.5,41.2,2.9,1.8,2.2,8.2,0.06
218,Rudy Gay,SAC,29,39,16,23,34,107.1,5.2,15,21.5,1.3,21.8,0.7,22.7,12.8,9,10.3,30.2,0.06
218,Tarik Black,LAL,24,13,1,12,11.5,96.1,3.2,27.3,38.9,0.2,10.5,0.3,36.4,4.5,3.5,2.7,10.2,0.06
222,Ed Davis,POR,27,45,19,26,21.1,103.7,4.4,19.9,28.7,0.6,22.5,0.7,40.2,7.2,5.4,4.6,15.9,0.059
222,James Harden,HOU,26,45,23,22,37.4,107.6,5.2,14.1,21.2,1.5,20.5,0.6,16.4,15.1,10.9,10.9,35.2,0.059
222,Leandro Barbosa,GSW,33,31,28,3,14.4,99.6,1.1,7.1,10.9,0.9,32.5,0.2,7.7,5.3,4.4,3.9,13.9,0.059
225,Alex Len,PHX,23,42,14,28,19.2,103.1,4.1,20.9,30.5,0.5,15.3,0.9,45.7,7.4,5.3,6.1,15.7,0.058
225,Luc Mbah a Moute,LAC,29,41,27,14,15.1,100.5,1.5,9.6,13.9,0.4,16.1,0.3,24.5,3.9,3.2,3.5,12.4,0.058
225,Michael Carter-Williams,MIL,24,41,16,25,30.8,106.8,4.1,13.4,20.5,1.6,31,0.7,19.4,11.2,9,8.6,26.6,0.058
225,P.J. Tucker,PHX,31,45,14,31,28.4,106.2,4,14.4,20.4,1.2,23.3,0.2,12.9,11.7,7.4,8.9,23.6,0.058
229,Alonzo Gee,NOP,29,43,16,27,20.9,104.1,2.5,11.5,17.3,0.8,22.1,0.2,8.4,6.6,6.7,5.2,19.4,0.057
229,Chris Johnson,UTA,26,34,17,17,10.8,96.9,1.4,12.1,17.5,0.6,26.4,0.2,15.6,3.7,2.9,1.9,7.2,0.057
229,Damian Lillard,POR,25,39,16,23,36.2,107.7,3.7,10.2,14.7,0.9,19.8,0.3,10,12.9,8.8,7.3,32.1,0.057
229,Timofey Mozgov,CLE,29,39,28,11,18,102.6,2.8,15.7,22.6,0.4,15.1,0.8,50,6,4,3.8,14.6,0.057
229,Ty Lawson,IND,28,38,16,22,24.6,105.5,1.4,5.7,8.9,0.9,20.7,0.1,4,10.2,7.9,7.3,25.9,0.057
229,Wayne Ellington,BKN,28,43,10,33,18.5,102.9,1.8,9.7,14.3,0.6,22,0.1,4.5,6.2,4.6,5,17.3,0.057
235,Dewayne Dedmon,ORL,26,26,11,15,11.7,97.7,2.5,20.3,32,0.4,19.6,1,59.5,4.7,3,3.1,9.7,0.056
235,Elijah Millsap,UTA,28,20,9,11,8.6,93.2,1.5,15.2,22.5,0.4,25.9,0.2,12.5,2.5,2.2,2.1,5.7,0.056
235,Gorgui Dieng,MIN,26,45,14,31,23.7,105.2,4.8,20.7,31.5,1.1,29,1,50.5,8.8,6.3,5.6,21,0.056
235,KJ McDaniels,HOU,23,15,5,10,3.9,71.4,0.6,11.8,17,0.2,20,0.3,36.4,0.3,0.2,0.7,2.7,0.056
235,Raul Neto,UTA,24,42,19,23,19.3,103.5,1.2,6.8,9.6,0.9,28.1,0,2.4,6.3,4.8,4.4,16,0.056
240,Allen Crabbe,POR,24,46,20,26,26,106.1,2.4,9.1,13.1,0.8,23.5,0.1,6.3,9.2,6.4,6,20.7,0.055
240,Bojan Bogdanovic,BKN,27,44,11,33,27,106.2,3,11.1,16.6,0.5,12.4,0.1,3,11,6.1,8,25.9,0.055
240,Darren Collison,SAC,28,38,17,21,28.5,106.5,1.8,6.1,9.1,0.9,18,0,1.1,10.5,7.8,8.2,25.4,0.055
240,Mario Hezonja,ORL,21,39,18,21,13.7,100.3,1.3,9.4,13.9,0.2,10.3,0.1,7.9,4.6,2.9,3.6,11.9,0.055
240,Shaun Livingston,GSW,30,41,37,4,19.9,103.8,1.3,6,9.4,0.5,14.8,0.3,12.2,7.2,6.1,5.7,20.2,0.055
245,Beno Udrih,MEM,33,32,17,15,15.3,101.5,1.4,8.9,12.8,0.3,12.7,0,1.6,4.3,3.7,2.6,11.8,0.054
245,Derrick Williams,NYK,25,45,22,23,16.7,102.6,3,17.4,27,0.4,19.2,0.1,9.4,5.5,4.3,4,15.2,0.054
245,Donatas Motiejunas,HOU,25,14,7,7,13.5,100.3,1.6,10.7,17.2,0.4,20,0.1,15.4,6.6,4.6,4.7,14.7,0.054
245,Marco Belinelli,SAC,30,43,20,23,25.6,106,1.7,6.5,9.7,0.5,12.2,0,2.4,9.6,6.7,8,23.4,0.054
249,Arron Afflalo,NYK,30,38,18,20,33,107.5,3.3,9.7,14.5,0.3,10.1,0.2,5,10.9,9.8,7.2,30.1,0.053
249,Brandon Bass,LAL,31,38,9,29,18,103.5,2.6,14.5,22.3,0.5,15.8,0.9,54.8,6.7,5.3,5.6,19.5,0.053
249,J.J. Barea,DAL,32,39,21,18,21.6,105.1,1.6,7.5,11.4,0.4,14,0.1,2.9,6.1,6.6,7.2,18.4,0.053
249,James Johnson,TOR,29,35,22,13,15.3,101.6,1.6,10.9,15.8,0.5,20.2,0.5,35.3,3.9,4,3.9,13.7,0.053
249,Kevin Martin,SAS,33,35,12,23,22.6,105.5,1.8,7.9,11.5,0.5,14.2,0,1.3,8.5,6.1,6.2,20.7,0.053
249,Lance Stephenson,MEM,25,35,22,13,15.8,102.4,1.9,11.4,17.5,0.5,22.6,0.1,2.8,5.9,5.1,4.5,14.5,0.053
249,Marcus Thornton,WAS,29,38,20,18,19.6,104.2,1.8,9.5,14.7,0.8,17.6,0,1.3,7.2,6.3,6.3,19.6,0.053
249,Randy Foye,OKC,32,44,17,27,19.9,104,1.5,7.5,11.6,0.5,15.7,0.3,12.1,7.1,5.2,6.1,16.6,0.053
249,Ryan Kelly,LAL,25,17,0,17,13.5,100.4,3.2,22.6,34.8,0.3,15.2,0.4,22.6,3.9,5.1,3.4,14.6,0.053
249,Willie Reed,BKN,26,24,5,19,10.3,96.9,1.7,15.8,24.8,0.1,10.3,0.5,76.5,3.5,1.7,2.7,8.9,0.053
259,Marcelo Huertas,LAL,33,27,2,25,11.8,98.6,0.9,7.9,11.9,0.5,22.4,0.1,8.3,3.6,3.5,3.7,10.9,0.052
259,Markieff Morris,WAS,26,28,8,20,22.8,105.6,3.8,17.7,24.9,0.7,16.4,0.3,21.1,8.1,5.3,7.6,20,0.052
259,Myles Turner,IND,20,22,10,12,16.8,103.1,3,16.7,27.8,0.3,7.8,1.3,65.1,6.1,6.8,4.7,17.3,0.052
262,D.J. Augustin,DEN,28,32,22,10,15.4,102.4,1,6,8.6,0.4,21,0.1,4.8,5.7,3.8,4.2,14.1,0.051
262,Jarrett Jack,BKN,32,32,10,22,32.1,107.7,4,12.5,17.9,1.1,19.8,0.2,8.9,12.2,7.7,10,29.8,0.051
262,Jusuf Nurkić,DEN,21,7,3,4,13.1,100,3.3,21.7,32.9,0.1,14.3,1.3,56.3,1.4,3.4,1.4,8.9,0.051
265,Jon Leuer,PHX,27,41,13,28,20.8,105.1,4.7,22.8,33,0.6,15.8,0.4,23.7,9.1,5.2,6,18.4,0.05
265,Paul Pierce,LAC,38,40,27,13,17.4,103.5,2.6,14.6,22.8,0.5,17.1,0.2,12.9,5,4.8,4.8,14.7,0.05
265,Robin Lopez,NYK,28,46,22,24,25.1,106.4,3.5,13.2,19.5,0.2,8,1.4,40.9,9,7.3,6.2,22.9,0.05
265,Shane Larkin,BKN,23,40,10,30,20.3,104.9,1.9,9.6,14.1,1.2,36.3,0.2,9.7,7.8,3.9,5.5,19.4,0.05
265,Spencer Dinwiddie,CHI,23,9,4,5,12.3,99.5,1,8.7,11.5,0.2,10,0,0,3.6,1.6,3.2,9.3,0.05
265,T.J. McConnell,PHI,24,44,6,38,21.3,105.3,3.2,15.5,23.4,1.3,33.3,0.2,6.1,9.4,5.9,8,19.4,0.05
271,Alexis Ajinca,NOP,28,33,9,24,12.4,100.6,2.9,23.1,33.9,0.3,12.2,0.5,45.9,3.6,2.6,2.5,10.4,0.049
271,Ish Smith,PHI,27,40,13,27,25.7,106.7,2.9,10.9,16.4,1.1,26.9,0.2,7.7,9.5,6.9,7.4,23.5,0.049
271,John Henson,MIL,25,41,17,24,16.7,103.6,2.4,13.9,22,0.3,11.1,1.9,68.1,6.9,4.9,4.6,13.7,0.049
274,JaVale McGee,DAL,28,25,12,13,12,100.2,2.8,21.2,33,0.1,7.1,0.9,74.2,3.6,4.4,3.9,9.5,0.048
274,James Anderson,SAC,27,22,10,12,9.7,96.9,0.9,8.4,12,0.2,13.2,0.1,7.4,3.3,2.5,3,7.2,0.048
274,Larry Nance Jr.,LAL,23,37,9,28,20.5,105.3,3.5,16.2,25.3,0.9,26.6,0.3,15.4,7.1,6.3,6.2,19.1,0.048
277,Cole Aldrich,LAC,27,21,16,5,11.8,100.2,2.8,24.1,36.4,0.8,30.2,0.7,56,3.5,3.6,4.1,11.4,0.047
277,JaKarr Sampson,DEN,23,43,6,37,15.5,103.7,2.3,13.9,21.3,0.3,10.4,0.4,17.2,6.6,4.1,5.3,15,0.047
277,Jeremy Evans,DAL,28,26,15,11,8.9,97.2,1.6,15.4,21.4,0.2,18.8,0.3,36,3.9,2.3,2.7,6.8,0.047
277,Omer Asik,NOP,29,36,16,20,16.9,103.7,3.8,21.9,30.2,0.3,11.1,0.4,26.4,4.7,4,4.2,14.3,0.047
281,Ben McLemore,SAC,23,43,20,23,21.1,105.9,1.6,7.2,10.4,0.9,21.4,0.1,6.3,8.7,5.6,6.8,17.5,0.046
281,Emmanuel Mudiay,DEN,20,30,13,17,29.6,107.8,2.8,9.5,13.5,1,22.1,0.6,19.6,11.1,7.4,9.1,27.7,0.046
281,Enes Freedom,OKC,24,45,33,12,20.4,105.5,4.6,21.9,32,0.2,7.4,0.4,23.5,7,5.8,5.3,19,0.046
281,Sasha Vujacic,NYK,32,29,13,16,12.2,101.2,1.4,11.4,17.4,0.5,22.2,0.1,5.3,4.6,3,4.2,11.4,0.046
281,Thomas Robinson,BKN,25,39,9,30,9.9,98.5,2.2,22.4,34.1,0.4,20.3,0.5,43.5,4.2,2.7,2.8,9.2,0.046
281,Trevor Ariza,HOU,31,44,22,22,34.2,108.3,4,12,18.2,1.8,25.2,0.2,6.8,14.2,9.7,9.2,32.3,0.046
281,Zach LaVine,MIN,21,45,14,31,23,106.5,2.6,11.4,16.9,0.6,18.4,0.1,5.7,9.6,5.4,6.1,22,0.046
288,Bobby Portis,CHI,21,23,12,11,14.4,102.8,2.8,17.3,26.3,0.4,25.6,0.4,25,4.7,4.3,3.2,13.3,0.045
288,Giannis Antetokounmpo,MIL,21,44,18,26,34.1,108.5,5.7,16.9,26.1,1,18.1,1.2,26.8,12,10.5,9.4,30.5,0.045
288,Justin Anderson,DAL,22,23,12,11,7.6,95,1.1,13.5,17.6,0.3,23.1,0.2,23.5,2.3,1.9,2.4,4.9,0.045
288,Mason Plumlee,POR,26,46,20,26,26.1,107.3,5.1,19.5,27.7,0.8,22.1,0.9,42,9.6,6.1,5.3,23.1,0.045
288,Nick Collison,OKC,35,38,27,11,12.4,101.1,1.8,13.9,20.3,0.3,18,0.2,22.5,4.2,3.2,3.6,11.3,0.045
288,Thaddeus Young,BKN,28,44,11,33,32.2,108.2,6.3,20.5,28.8,1.5,29.7,0.4,17.5,12,7.2,10.2,30.9,0.045
288,Trey Lyles,UTA,20,41,17,24,18.6,104.9,3.2,18.1,26.3,0.3,11.7,0.3,14.9,5.6,4.9,4.3,15.1,0.045
295,Delon Wright,TOR,24,9,7,2,2.7,66,0.6,13.2,17.2,0,0,0,0,0.6,0.6,0.2,1.3,0.044
295,Jose Calderon,NYK,34,46,22,24,27.9,107.6,2.7,9.3,14.1,1,33.6,0.1,2.9,9.7,8.4,7.1,24.8,0.044
295,Norris Cole,NOP,27,26,12,14,24.3,106.9,3,12.5,18.5,0.8,23,0.2,5.6,6.5,7,4.9,22.8,0.044
295,Ray McCallum,SAS,25,18,17,1,9.9,98.3,0.9,9.4,13.6,0.2,12.9,0.2,16.7,2.9,2.7,2.2,7.3,0.044
299,Brandon Rush,GSW,30,35,31,4,16.1,104.5,2.3,12.7,18.1,0.3,14.1,0.3,10.8,6,4.9,5.6,15.8,0.043
299,James Jones,CLE,35,34,23,11,9.9,99.3,0.9,8.9,13.1,0.2,15.7,0.2,20,3.4,2.6,1.8,8.1,0.043
299,Joe Ingles,UTA,28,42,19,23,13.9,103.1,1.3,9.8,14.9,0.5,25.3,0.1,5.7,4.9,3.4,2.7,11.4,0.043
299,Kostas Papanikolaou,DEN,25,26,8,18,11.3,100.3,1.2,10.7,16.2,0.5,25,0.2,17.2,4.5,3.1,2.8,8.8,0.043
299,Nick Young,LAL,31,36,8,28,18.7,105.5,1.3,6.9,10.6,0.5,16.2,0.1,8.9,6.5,6,5.5,18.2,0.043
304,Aaron Harrison,CHA,21,10,6,4,4.2,84.2,0.5,11.4,17.9,0.2,16.7,0,0,1.2,0.8,2,2.8,0.042
304,Danilo Gallinari,DEN,27,38,16,22,34.5,108.9,4.6,13.9,20,0.7,13.5,0.4,12.2,11.8,8.2,9.1,30.9,0.042
304,JJ Hickson,WAS,27,18,6,12,16.9,104.7,3.6,20.6,30.2,0.6,22.2,0.7,37.5,5.7,4.9,4,15.1,0.042
304,Kosta Koufos,SAC,27,42,20,22,20.6,106.3,3.6,16.6,24.4,0.5,17.2,0.9,54.2,8.8,5.1,6.6,17.2,0.042
304,Lamar Patterson,ATL,24,29,19,10,12.8,102.5,1.6,12.7,18.7,0.2,10,0.1,6.5,3.6,2.8,3.5,11.3,0.042
304,Meyers Leonard,POR,24,39,18,21,23.3,107,4.1,17.6,24.5,0.1,5,0.3,20.7,7.7,5.6,4.9,17.3,0.042
304,Nik Stauskas,PHI,22,38,4,34,23.6,107,2.1,9,13.2,0.6,17,0.4,11.4,10.2,5.8,8.2,21.7,0.042
304,T.J. Warren,PHX,22,44,14,30,22.8,107,1.9,8.7,12.9,0.8,19.5,0.4,18.4,9.7,5.9,8.5,21.7,0.042
312,Carl Landry,PHI,32,11,3,8,12.8,103,2,15.7,25.6,0.5,14.3,0.3,15.8,6.3,4.5,3.5,12,0.041
312,Maurice Harkless,POR,23,46,20,26,17.2,105.2,2.1,11.4,17.1,0.5,22.2,0.3,22.5,6.6,4.8,3.5,13.1,0.041
312,Nemanja Bjelica,MIN,28,39,11,28,18.8,106,2.7,15,21.9,0.4,16.5,0.4,23.5,8.3,4.2,4.6,16.6,0.041
315,Donald Sloan,BKN,28,24,3,21,17,105,2.1,12.6,18.3,0.3,15.7,0,3.4,5.7,4.2,4.7,16.2,0.04
315,Kyle Singler,OKC,28,34,24,10,11.8,101.9,1.2,10.1,15.4,0.4,22.4,0.1,9.5,4.5,3.1,3.3,10.6,0.04
315,Udonis Haslem,MIA,36,21,12,9,8,97.3,1.9,23.8,34.8,0.2,16.7,0.1,12.5,2.2,2.2,1.5,6.5,0.04
318,Aron Baynes,DET,29,43,22,21,14.2,103.8,2.8,20,28.1,0.2,11.8,0.5,51.2,4.8,3.5,3.2,13,0.039
318,D'Angelo Russell,LAL,20,44,9,35,27,108.1,3.1,11.2,17.1,1.2,27.1,0.2,6,9.8,8.8,8.8,26.9,0.039
318,Kevin Seraphin,NYK,26,28,11,17,10.5,101,1.5,14.8,23.4,0.2,17.6,0.8,77.8,4.1,2.8,1.6,8.7,0.039
318,Shabazz Napier,ORL,24,36,18,18,12.1,102.6,0.8,6.5,9.9,0.5,28.8,0,1.6,4.1,2.9,3.4,9.7,0.039
318,Tyler Zeller,BOS,26,27,16,11,8.8,99.2,1.5,15.3,21.4,0.1,10,0.1,16.7,3.7,2.2,2.6,7.7,0.039
323,Chris Kaman,POR,34,6,4,2,9.8,100,1,9.7,14.3,0,0,0,0,4.8,1.7,2.5,7.7,0.038
323,Troy Daniels,CHA,24,22,11,11,9.5,100.5,0.9,9.3,13.4,0.3,16.7,0,9.1,3.2,2.3,3,6.7,0.038
323,Tyson Chandler,PHX,33,36,11,25,23.1,107.4,5.7,25.7,35.6,0.6,14.1,0.6,42.3,9.6,5.5,8.6,20.2,0.038
326,Anthony Morrow,OKC,30,39,28,11,15.5,105.2,0.9,5.9,9.1,0.5,20,0.1,5.2,5.6,4.4,4.2,15.3,0.037
326,Boban Marjanovic,SAS,27,26,25,1,8.1,98.1,2.1,25.8,37.2,0.3,20,0.5,50,2.7,1.5,2.1,7.2,0.037
326,Jason Terry,HOU,38,38,20,18,17.2,105.9,0.9,5.4,8.1,0.8,20.4,0.2,11.5,7.5,4.8,5,16.1,0.037
329,Josh Richardson,MIA,22,21,9,12,12.4,103.2,1,8.3,12.8,0.4,24.2,0.2,16.7,4.9,4,2.6,8.9,0.036
329,Lou Amundson,NYK,33,18,8,10,7.7,98.2,1.3,14.8,23,0.3,17.2,0.2,16.7,1.7,2,1.7,4.4,0.036
329,Noah Vonleh,POR,20,46,20,26,15.8,105.4,2.7,17.5,25.1,0.5,20.2,0.2,18.6,5.3,3.2,3.2,13.2,0.036
329,Tim Frazier,NOP,25,30,14,16,8.3,98.4,0.9,10.2,14.4,0.3,28.6,0,5.6,2.3,1.8,1.2,5.5,0.036
333,Jarell Eddie,WAS,24,9,4,5,7.5,98.6,1.1,15.2,21.3,0.2,15.4,0.1,20,2.4,1.7,1.9,6,0.035
333,Kyle O'Quinn,NYK,26,36,18,18,11.7,103.4,2.6,21.3,33.8,0.4,25,0.6,51.2,4.6,3.6,3.5,10.2,0.035
333,Shabazz Muhammad,MIN,23,45,14,31,20.2,107.3,2.1,10.3,15.6,0.2,7.2,0.1,4.9,8.8,5.4,5.6,19.1,0.035
336,Justin Holiday,CHI,27,25,14,11,10.4,102.6,0.9,8.3,13.8,0.5,26.5,0.2,16,4.1,3.1,2.9,8.4,0.034
337,Cleanthony Early,NYK,25,10,4,6,3.4,82.4,0.2,5,9.5,0.1,50,0.1,16.7,0.4,0.9,0.2,2.4,0.033
337,John Jenkins,PHX,25,18,10,8,9.8,101.9,0.9,8.6,12.1,0.2,11.5,0,0,3.5,2.8,3.5,8.4,0.033
337,Kelly Oubre Jr.,WAS,20,34,16,18,13.8,105.3,2.1,14.9,23.1,0.4,20,0.1,13.2,3.5,4,4,12.3,0.033
340,Jared Cunningham,CLE,25,34,25,9,10,102.7,0.8,8,12,0.3,20,0.1,9.1,4.3,1.9,1.7,8.3,0.032
340,Pat Connaughton,POR,23,18,7,11,3,79.8,0.4,15.1,22.2,0.1,20,0,0,0.9,0.4,0.5,1.1,0.032
340,Terrence Jones,HOU,24,39,19,20,23.4,108.4,3.4,14.7,22.8,0.5,10.6,0.9,31,8.7,7.2,6.5,22.8,0.032
343,Glenn Robinson III,IND,22,29,16,13,12.1,104.5,1.4,11.6,17.1,0.4,20,0.2,12.2,4.3,3.3,4,11.2,0.031
343,Kris Humphries,ATL,31,27,13,14,17.1,107.1,3.2,19.7,28.4,0.1,4,0.5,31.1,5.5,3.7,5.1,15.4,0.031
343,Mirza Teletovic,PHX,30,44,14,30,18,107.2,2.6,14.6,22.2,0.3,10.9,0.3,15.1,7.2,5.3,6.6,17.6,0.031
343,Seth Curry,SAC,25,22,9,13,10.8,103.4,0.7,6.1,9.5,0.3,17.1,0,0,3.1,3,3.1,8.7,0.031
347,Brian Roberts,POR,30,24,11,13,10.2,103.4,0.8,8.8,12.2,0.3,20,0,8.3,3,1.9,3.1,7.6,0.03
347,Devin Booker,PHX,19,39,11,28,20.4,108.1,1.5,7.6,11.3,0.5,14.9,0.1,7.7,8.3,6,6.6,19,0.03
347,James Young,BOS,20,17,8,9,8.9,102.2,1,11.3,16,0.2,16.7,0.1,9.1,2.4,1.7,2.2,7.9,0.03
347,Shelvin Mack,UTA,26,18,10,8,8.7,102.5,0.9,10.4,15.1,0.4,25.9,0,0,4.1,1.2,1.6,6.3,0.03
347,Terry Rozier,BOS,22,16,10,6,6,97.1,0.6,8.1,13.4,0,0,0,0,2,1.1,2.4,5.6,0.03
352,Christian Wood,PHI,20,14,0,14,8.1,102.7,1.6,16.8,28.6,0.4,21.7,0.4,35.7,2.7,3.1,3.5,8.1,0.029
352,Mike Muscala,ATL,24,31,18,13,11.2,104.5,1.6,14.9,23,0.3,11.1,0.5,39.5,4.3,2.5,3,9.9,0.029
352,Montrezl Harrell,HOU,22,25,11,14,10.3,104.2,1.1,10,14.8,0.2,12.5,0.2,21.4,4.2,2.6,3.5,9.8,0.029
355,Gerald Henderson,POR,28,37,16,21,16.3,107.2,2.1,13.3,18.1,0.2,11,0.2,16.7,6.3,3.8,3.4,11.8,0.028
356,Eric Moreland,SAC,24,5,1,4,4.9,96.4,1,16.1,29.4,0,0,0.8,80,1.2,2.4,1.8,3.2,0.027
356,Jameer Nelson,DEN,34,36,11,25,27.6,109.5,2.5,9.6,13.9,0.7,18,0.1,6.8,8.8,6.5,6.6,23,0.027
356,Joel Anthony,DET,33,12,8,4,4.2,92.1,0.7,0,20,0.2,50,0.3,100,1.3,1.1,0.3,2.7,0.027
356,Solomon Hill,IND,25,23,10,13,10.7,104.8,1.5,12.6,20.2,0.4,18.9,0.3,34.8,4,4,3,11.1,0.027
360,Dante Cunningham,NOP,29,41,14,27,19.6,108.5,2.6,13.9,19.6,0.5,16.2,0.4,22.9,5.9,3.5,4.3,18.7,0.026
360,Matt Bonner,SAS,36,18,17,1,5.9,98.1,0.8,12.6,18.2,0.3,35.7,0,0,1.9,2,2.1,5.2,0.026
360,Norman Powell,TOR,23,17,10,7,4.7,95.8,0.6,11.5,15.7,0.4,33.3,0,0,1.2,0.8,1.5,2.9,0.026
363,Cameron Payne,OKC,21,29,25,4,11.5,105.7,1.6,13.9,20.6,0.8,39.3,0.1,8.8,3.9,3.3,3.6,10.2,0.025
363,Cliff Alexander,POR,20,7,2,5,4.5,95.5,0.6,11.8,16.7,0.1,16.7,0.3,66.7,1.1,1.3,0.9,2.9,0.025
363,Elliot Williams,CHA,27,5,4,1,9,103.5,0.6,6.8,10,0,0,0,0,2,1.4,1.8,6,0.025
363,PJ Hairston,MEM,23,41,19,22,19.9,108.8,2.4,12.9,18.4,0.5,15.4,0.1,7.1,5.8,4.7,4.5,15.9,0.025
367,Joe Young,IND,24,19,7,12,8.2,103.6,0.9,10,15.6,0.5,30,0,0,2.9,3,2.6,9.6,0.024
367,Luis Montero,POR,23,7,2,5,3.3,89.4,0.3,10.5,16.7,0,0,0,0,2,1,0.6,1.4,0.024
367,Sergey Karasev,BKN,22,19,3,16,6.1,100.8,0.7,12.4,18.1,0.1,5,0,0,2.6,0.9,1.9,5.8,0.024
370,Charlie Villanueva,DAL,31,37,19,18,12.2,106.8,2.3,19,27.3,0.3,20.8,0.3,29.7,3.6,3.3,3.9,11.6,0.023
370,Johnny O'Bryant III,MIL,23,42,17,25,14.7,107.8,1.9,13,20.3,0.4,17,0.1,9.5,5.8,4.1,4,14.2,0.023
370,Marreese Speights,GSW,28,35,32,3,10.5,105.6,2,18.4,28.4,0.2,12.7,0.3,26.1,4,3.6,3.7,11.1,0.023
370,Richaun Holmes,PHI,22,32,5,27,14,107.6,1.2,9.1,13.4,0.3,13.3,0.7,39.3,6.6,4.2,4.7,12.3,0.023
374,Tony Wroten,NYK,23,8,0,8,18,109.2,2.4,13,18.4,0.4,13.6,0,0,10.5,5.8,7.6,17.8,0.022
375,Archie Goodwin,PHX,21,25,7,18,14.9,108.4,1.8,12.4,17.6,0.4,18.6,0.3,23.3,6.2,3.9,5.4,13.2,0.021
375,Gary Harris,DEN,21,38,15,23,30.4,110.6,2.1,7.1,10.4,1.1,23.6,0.2,8.3,10.7,7.5,7.8,27.6,0.021
375,Gary Neal,WAS,31,33,16,17,21.3,109.6,1.8,8.9,13.8,0.5,14.4,0,2.4,7.1,5.8,5.3,19.6,0.021
375,James Ennis III,NOP,25,10,5,5,3.6,94.7,0.3,0,12.5,0.3,42.9,0.2,100,2.1,0.6,0.2,2.2,0.021
375,Jordan Clarkson,LAL,24,44,9,35,32,110.6,2.7,8,12.3,1.2,25.9,0.2,5.3,11,10.5,10.2,31.5,0.021
375,Robert Sacre,LAL,27,15,2,13,13,107.5,1.3,10.4,16.1,0.1,7.4,0.5,61.5,4.4,3.8,5.2,12.4,0.021
375,Tyler Ennis,MIL,21,20,9,11,9.3,105.5,0.8,8.2,12.3,0.2,16,0.1,5.9,3.3,3.1,2.3,9,0.021
382,Adreian Payne,MIN,25,30,11,19,9.5,106,1.7,18,27.1,0.3,20.9,0.3,25,4.1,3.2,2.8,10.3,0.02
382,Greivis Vasquez,MIL,29,16,6,10,22.6,109.8,2.1,9.7,15.9,0.4,12.5,0,0,9.5,6.5,5.9,19.8,0.02
382,Rashad Vaughn,MIL,19,38,16,22,11.3,107.1,1,8.5,13.5,0.3,17.5,0.2,11.8,5.3,3.4,3.7,10.6,0.02
385,DeJuan Blair,WAS,27,24,11,13,8.2,105.6,1.3,17.4,26.4,0.3,25.8,0.1,15.4,2.3,1.8,1.9,7.9,0.019
385,Sasha Kaun,CLE,31,9,7,2,4.3,100,0.2,6.1,10,0.2,16.7,0.2,66.7,1.7,1.1,1.3,3.6,0.019
385,Tibor Pleiss,UTA,26,11,6,5,7.1,104.5,0.8,12,18,0.1,8.3,0.2,50,3.5,2.2,1.7,5.5,0.019
388,Damjan Rudez,MIN,30,17,4,13,8.3,106,0.4,4.2,6.6,0,0,0,0,3.2,1.4,2.5,7.1,0.018
388,Mike Miller,DEN,36,32,14,18,8.7,105.9,1.1,12.9,19.4,0.3,25,0.1,9.7,2.7,2.4,1.7,7.1,0.018
388,Toney Douglas,NOP,30,22,8,14,14.6,108.7,0.8,5.8,8.4,1,36.5,0,0,5,2.8,4.3,15.2,0.018
388,Tyler Hansbrough,CHA,30,24,13,11,7.7,105.2,1,13.7,21.7,0.2,22.7,0.2,33.3,2.2,1.4,1.9,6,0.018
392,Cameron Bairstow,DET,25,9,3,6,3.8,100,0.9,17.8,29.6,0.1,33.3,0.1,16.7,1.4,0.9,1.7,2.7,0.017
393,Andrea Bargnani,BKN,30,38,9,29,13.8,109,1.5,11.9,18.2,0.1,6.9,0.2,14.6,4.8,2.9,3.2,13.8,0.016
393,Drew Gooden,WAS,34,12,9,3,14.8,109.3,2.7,20.5,33,0.3,10.8,0.6,35,4.3,4.8,4.8,15.8,0.016
393,Lucas Nogueira,TOR,23,14,7,7,8.1,106.6,1.1,12,17.6,0.5,41.2,0.3,40,1.5,2.4,0.9,7,0.016
393,Sonny Weems,PHX,29,23,6,17,10.3,108.1,1,10.6,15.3,0.3,13.7,0,0,4.1,2.7,4,10,0.016
397,Cory Jefferson,PHX,25,7,2,5,6.5,105.3,1.4,0,29.4,0,0,0.1,25,3,1.4,3.6,7.1,0.015
397,Erick Green,DEN,25,3,1,2,2.5,93.3,0.3,0,20,0,0,0,0,1.7,0,0.3,2,0.015
397,Jarnell Stokes,MEM,22,4,0,4,2.8,95.5,0.5,0,25,0,0,0,0,1.8,0,1.8,2.5,0.015
397,Markel Brown,BKN,24,27,3,24,10.9,108.4,1.1,11.9,18.3,0.3,25,0.1,19,4.8,2.5,2.6,9.7,0.015
401,Bruno Caboclo,TOR,20,2,2,0,1.2,83.3,0.5,0,33.3,0.5,100,0,0,0.5,0,0,2,0.014
402,C.J. Wilcox,LAC,25,4,2,2,2.9,100,0,0,0,0,0,0,0,1,0,0.8,3.5,0.013
402,Darrun Hilliard,DET,23,14,7,7,6.4,105.8,0.6,9.2,12.1,0.1,8.3,0,0,1.1,1.6,0.6,4.9,0.013
402,Devyn Marble,ORL,23,8,6,2,2.5,97.7,0.3,0,15.4,0.1,100,0,0,0.4,0.5,0.8,2,0.013
405,Julius Randle,LAL,21,45,9,36,26.6,111.2,7.3,27.6,41.8,0.7,16.6,0.4,16.8,9.4,8.1,9.3,25.9,0.012
406,Quincy Acy,SAC,25,22,8,14,11,109.5,1.5,13.7,20.6,0.4,18,0.4,34.8,4.7,3.7,3,9,0.011
406,Steve Novak,MIL,33,5,5,0,4.2,104.5,0.6,0,17.6,0,0,0,0,1.4,0.4,1,5.2,0.011
408,Andre Miller,SAS,40,20,6,14,10.8,110.2,0.6,5.9,9.6,0.5,30,0,0,3.5,2.5,2.7,7.9,0.008
408,Ian Clark,GSW,25,38,35,3,9.9,110,0.9,8.6,13.1,0.3,19.3,0.2,18.8,4.1,2.8,4,9.9,0.008
408,Lou Williams,LAL,29,44,9,35,29.2,111.9,2.3,7.7,11.7,1,22.1,0.3,8.7,10.5,9.1,10.3,29.4,0.008
411,Amar'e Stoudemire,MIA,33,16,6,10,11.1,110.6,1.6,14.2,22.3,0.2,21.4,0.4,36.8,3.4,2.7,1.5,9,0.007
411,James Michael McAdoo,GSW,23,25,23,2,5.9,108.7,0.7,12.8,18.2,0.3,38.9,0.2,38.5,2.9,1.3,2.3,5.5,0.007
411,Russ Smith,MEM,25,15,6,9,4.4,108.6,0.5,12.9,19,0.3,35.7,0.1,20,2.8,0.8,1.7,3.5,0.007
414,Kenneth Faried,DEN,26,37,14,23,26.5,112,5.3,21.1,29.9,0.5,12.8,1.1,37.5,9.2,6.3,7.5,25.5,0.006
415,Brandan Wright,MEM,28,7,3,4,17.1,112.2,2.6,14.5,22.8,0.1,7.1,1.4,62.5,8.3,4.1,5.1,14,0.003
415,Joffrey Lauvergne,DEN,24,25,9,16,18.3,112.3,3.9,20.9,31.7,0.2,10.2,0.3,17.1,6.9,5.5,6.3,17.7,0.003
415,Luke Babbitt,NOP,27,21,8,13,14.3,112.1,2.3,16.1,23.9,0,2.1,0.1,10,5.2,3.1,4.9,14.2,0.003
415,Nate Robinson,NOP,32,2,0,2,11.6,112,0,0,0,0.5,50,0,0,5.5,3.5,2.5,13,0.003
415,Reggie Bullock Jr.,DET,25,17,10,7,5.1,111.1,0.3,7.2,9.1,0.1,8.3,0,0,2.4,1.1,1.6,4.5,0.003
420,Jimmer Fredette,SAS,27,4,1,3,3.1,111.5,0,0,0,0.3,50,0,0,1.5,0,0,4.5,0.001
420,Sam Dekker,HOU,22,3,1,2,2,111.8,0.3,0,25,0.3,100,0,0,0,0,0,2.7,0.001
422,Caron Butler,SAC,36,9,1,8,9.6,112.8,0.9,10.8,16.3,0.6,33.3,0,0,4.8,2.9,3.9,9.3,0
422,Cristiano Felicio,CHI,23,3,1,2,2,113.3,0.3,0,20,0,0,0,0,0,0,3,1.3,0
424,Jason Thompson,TOR,29,21,18,3,6.8,113.2,1.9,25.2,34.5,0.1,10.5,0.3,53.8,2.2,2,3.1,6.8,-0.001
424,Lorenzo Brown,DET,25,6,1,5,9.2,113,1.2,0,20,0.5,42.9,0,0,4.7,0.7,3.5,7.7,-0.001
426,Anthony Bennett,TOR,23,11,7,4,5.4,113.7,1.2,28.3,34.2,0.3,23.1,0,0,2.9,0.4,2.5,5.1,-0.002
426,Roy Hibbert,LAL,29,46,9,37,25.2,113,3.9,14.9,22.7,0.4,10.2,1.6,61.5,8.7,8.6,8.7,23.7,-0.002
428,Damien Inglis,MIL,21,8,2,6,5.3,115.6,1,17.4,32,0.3,22.2,0,0,3.1,1.5,1.6,5.5,-0.005
429,Chris Andersen,MEM,37,7,4,3,5.2,116.7,0.9,18.8,27.3,0.1,14.3,0.4,75,2.6,1.1,1.4,3.1,-0.006
429,Miles Plumlee,MIL,27,26,10,16,7.7,115.2,1.2,15.2,26.5,0.2,13.3,0.5,56.5,2.7,3,1.9,8,-0.006
431,JJ O'Brien,UTA,24,2,2,0,3.1,120,0.5,0,33.3,0.5,50,0,0,2,2,2,2,-0.009
431,Kendall Marshall,PHI,24,11,2,9,15,114.5,1,7.5,10.7,0.3,11.1,0,0,7.8,3.1,6.7,14,-0.009
433,Shayne Whittington,IND,25,2,0,2,3.3,123.1,0.5,0,50,0,0,0.5,50,4,1,1.5,2,-0.01
434,Sean Kilpatrick,BKN,26,5,2,3,6.9,117.3,0.2,2.8,4.2,0.4,50,0,0,2.6,2.4,2.4,5.2,-0.011
435,Chris Copeland,MIL,32,22,10,12,6.7,118.8,0.4,6.9,11.8,0.1,11.1,0,0,3,1.9,1.7,5.9,-0.013
436,Kobe Bryant,LAL,37,38,7,31,29.1,114.2,3.3,11.2,17,0.9,19.9,0.2,7.8,10.9,9.4,11.1,29.6,-0.014
436,Ryan Hollins,MEM,31,11,5,6,9.8,117.2,0.9,10.3,17.5,0.2,9.1,0.5,66.7,3.4,3.2,2.5,7.8,-0.014
438,Nikola Pekovic,MIN,30,8,2,6,14.4,116.2,1.1,8.3,13.2,0,0,0,0,5.8,5,4.5,13.8,-0.015
439,Jordan Mickey,BOS,21,3,3,0,2.1,135.7,0.3,16.7,33.3,0,0,0.3,100,0,0,2,2,-0.016
440,Mitch McGary,OKC,24,13,11,2,4.2,125.2,0.7,17.6,27.3,0,0,0.2,40,2.5,1.7,2.2,4.3,-0.018
441,Bryce Dejean-Jones,NOP,23,2,2,0,1,175,0,0,0,0,0,0,0,0,0,0,2,-0.019
442,Branden Dawson,LAC,23,2,2,0,6.3,124,0.5,0,14.3,0,0,0.5,100,4,1,6,8,-0.022
442,Edy Tavares,ATL,24,8,4,4,7.3,122.3,1.1,0,26.5,0.1,10,0.6,83.3,4.5,1.9,1.6,6,-0.022
444,Tyus Jones,MIN,20,9,1,8,10.9,119.6,1.3,14.1,24,0.4,36.4,0.1,11.1,6.2,3.2,3.4,12.2,-0.024
445,Kendrick Perkins,NOP,31,9,3,6,9.2,124.6,1.4,18.1,28.3,0,0,0.2,20,4.2,2.6,2.7,10.9,-0.035
446,Bryce Cotton,MEM,23,3,0,3,10.9,125.8,0,0,0,1,42.9,0,0,4.7,4.7,3.3,13.3,-0.046
447,Joe Harris,CLE,24,5,5,0,3,162.5,0.6,0,60,0,0,0,0,1.4,1,1.4,5.6,-0.051
448,Jeff Ayres,LAC,29,17,11,6,6.3,111.2,1.1,15.4,25,0,0,0.2,33.3,2.2,2.9,2.1,6.7,0.006
449,Coty Clarke,BOS,23,3,0,3,1.9,107.7,0.3,20,33.3,0,0,0,0,0.7,0,0.7,2,0.004
450,Jimmer Fredette,SAS,27,6,1,5,2.9,110.5,0,0,0,0.2,50,0,0,1,0.8,0,3.7,0.003
450,Markel Brown,BKN,24,62,12,50,15.8,113.5,1.6,10.6,16.7,0.6,24.5,0.2,16.3,6.3,4.6,4.3,15.8,0.003
452,Anthony Bennett,TOR,23,19,12,7,4.4,112.9,0.9,26.2,32.7,0.3,23.8,0,0,1.8,0.3,1.5,3.8,0.002
452,Luis Montero,POR,23,12,6,6,3.5,112,0.3,10.8,17.4,0,0,0,0,1.7,1.1,0.7,1.5,0.002
452,Roy Hibbert,LAL,29,81,17,64,23.2,113.7,3.3,13.9,21.1,0.4,12.2,1.4,62.5,8.3,7.5,9.4,23.4,0.002
452,Sam Dekker,HOU,22,3,1,2,2,111.8,0.3,0,25,0.3,100,0,0,0,0,0,2.7,0.002
456,Edy Tavares,ATL,24,11,7,4,6.6,114.1,1.3,0,27.5,0.1,8.3,0.5,85.7,3.9,1.4,1.8,6,0
456,Erick Green,DEN,25,9,6,3,4.7,114.3,0.3,10,13.6,0.1,14.3,0,0,1.6,0.7,1.1,4.2,0
458,James Michael McAdoo,GSW,23,41,37,4,6.4,114.4,0.7,11.5,16.6,0.2,26.3,0.2,36.4,3,1.7,2.6,6.1,-0.001
458,Jordan Hamilton,NOP,25,11,4,7,27.6,114.2,4.5,17.2,26,0.7,20,0.3,18.8,9.6,7.7,7.3,24,-0.001
458,Lorenzo Brown,DET,25,8,1,7,7.6,114.3,0.9,0,19.4,0.4,42.9,0.1,33.3,4.4,1,2.9,6.8,-0.001
461,Greg Smith,MIN,25,18,8,10,10.7,114.5,1.7,16.9,23.1,0.2,18.2,0.1,33.3,4.7,2.1,3.7,11.7,-0.002
462,Chris Copeland,MIL,32,24,10,14,6.5,116.4,0.4,6.4,10.8,0.1,10,0,0,2.8,1.8,1.6,5.6,-0.005
463,Mitch McGary,OKC,24,20,17,3,3.6,118.9,0.7,20,30.4,0.1,7.7,0.1,40,1.9,1.4,2,3.5,-0.006
464,JJ O'Brien,UTA,24,2,2,0,3.1,120,0.5,0,33.3,0.5,50,0,0,2,2,2,2,-0.007
464,Nikola Pekovic,MIN,30,12,2,10,13,115.9,1.2,9.8,15.4,0.1,4.8,0,0,5.3,4.5,4.2,12.3,-0.007
466,Chris McCullough,BKN,21,24,7,17,15.1,115.8,1.8,12.6,20.8,1.2,37.3,0.5,30,6.8,4.9,4.8,16.9,-0.008
466,Kobe Bryant,LAL,37,66,13,53,28.2,114.9,3.1,11.1,16.8,0.9,22.1,0.2,8.7,10,9.4,11.2,29.6,-0.008
468,Branden Dawson,LAC,23,6,5,1,4.8,121.1,0.3,0,10.5,0,0,0.2,33.3,2.3,2,3.7,7,-0.01
469,Sean Kilpatrick,BKN,26,31,7,24,19.9,117,1.4,7.4,11.3,0.4,12.4,0.1,3.1,7.5,6.1,6.3,20.8,-0.019
470,Bryce Cotton,MEM,23,8,1,7,4.8,129.1,0,0,0,0.4,42.9,0,0,2.4,2.1,1.3,5.8,-0.023
471,Thanasis Antetokounmpo,NYK,23,2,1,1,3.1,142.9,0.5,0,16.7,0,0,0,0,1,1,0,1,-0.032
472,Briante Weber,MIA,23,7,3,4,24.1,119.2,2.4,11.5,16.3,1.3,36,0.4,18.8,8.9,5.9,9,22.3,-0.039
473,Justin Harper,BKN,26,5,4,1,7,133.3,0.2,0,4.8,0.2,100,0,0,3.4,1.4,2.4,6.4,-0.041
474,Kevon Looney,GSW,20,5,4,1,4.1,146.8,1.2,0,60,0,0,0,0,2.4,1.4,3.2,4.4,-0.045
475,Joe Harris,CLE,24,5,5,0,3,162.5,0.6,0,60,0,0,0,0,1.4,1,1.4,5.6,-0.049
476,Rakeem Christmas,IND,24,1,1,0,6.1,184.6,0,0,0,0,0,0,0,10,3,2,8,-0.139